<?xml version="1.0" encoding="UTF-8"?>
<site>
	<description>To install these features, point Eclipse at this site.</description>
	<!-- JBoss Tools hibernatetools Nightly Build Update Site -->
	<category-def label="JBoss Tools hibernatetools Nightly Build Update Site" name="JBoss Tools hibernatetools Nightly Build Update Site">
		<description>JBoss Tools hibernatetools Nightly Build Update Site: contains all features in this build.</description>
	</category-def>
	<feature url="features/org.hibernate.eclipse.feature_3.7.1.Final-v20140303-0022-B124.jar" id="org.hibernate.eclipse.feature" version="3.7.1.Final-v20140303-0022-B124">
		<category name="JBoss Tools hibernatetools Nightly Build Update Site"/>
	</feature>
	<feature url="features/org.hibernate.eclipse.test.feature_3.7.1.Final-v20140303-0022-B124.jar" id="org.hibernate.eclipse.test.feature" version="3.7.1.Final-v20140303-0022-B124">
		<category name="JBoss Tools hibernatetools Nightly Build Update Site"/>
	</feature>
	<!-- Sources -->
	<feature url="features/org.hibernate.eclipse.feature.source_3.7.1.Final-v20140303-0022-B124.jar" id="org.hibernate.eclipse.feature.source" version="3.7.1.Final-v20140303-0022-B124">
		<category name="JBoss Tools hibernatetools Nightly Build Update Site"/>
	</feature>
	<feature url="features/org.hibernate.eclipse.test.feature.source_3.7.1.Final-v20140303-0022-B124.jar" id="org.hibernate.eclipse.test.feature.source" version="3.7.1.Final-v20140303-0022-B124">
		<category name="JBoss Tools hibernatetools Nightly Build Update Site"/>
	</feature>
</site>
